<?xml version="1.0" encoding="utf-8" ?>
<dwsync>
<file name="row-bot-tail.gif" server="C:/wamp/www" local="129713629940000000" remote="129713629940000000" Dst="0" />
<file name="row-bot-bg.jpg" server="C:/wamp/www" local="129713626520000000" remote="129713626520000000" Dst="0" />
<file name="slider-pagination.png" server="C:/wamp/www" local="129714421120000000" remote="129714421120000000" Dst="0" />
<file name="button1-tail.gif" server="C:/wamp/www" local="129714389520000000" remote="129714389520000000" Dst="0" />
<file name="button2-tail.gif" server="C:/wamp/www" local="129714389700000000" remote="129714389700000000" Dst="0" />
<file name="marker-1.png" server="C:/wamp/www" local="129714389000000000" remote="129714389000000000" Dst="0" />
<file name="marker-2.png" server="C:/wamp/www" local="129714440340000000" remote="129714440340000000" Dst="0" />
<file name="magnify.png" server="C:/wamp/www" local="129564055820000000" remote="129564055820000000" Dst="0" />
<file name="page2-img1.jpg" server="C:/wamp/www" local="129714440120000000" remote="129714440120000000" Dst="0" />
<file name="chineese.jpg" server="C:/wamp/www" local="130052379846695949" remote="130052379840000000" Dst="0" />
<file name="French-Cuisine.jpg" server="C:/wamp/www" local="130052379410410995" remote="130052379410000000" Dst="0" />
<file name="indian.jpg" server="C:/wamp/www" local="130052383162107921" remote="130052383160000000" Dst="0" />
<file name="slider-img1.jpg" server="C:/wamp/www" local="129713631680000000" remote="129713631680000000" Dst="0" />
<file name="slider-img2.jpg" server="C:/wamp/www" local="129713631800000000" remote="129713631800000000" Dst="0" />
<file name="slider-img3.jpg" server="C:/wamp/www" local="129713631900000000" remote="129713631900000000" Dst="0" />
<file name="banner-1.jpg" server="C:/wamp/www" local="129714388800000000" remote="129714388800000000" Dst="0" />
<file name="banner-2.jpg" server="C:/wamp/www" local="129714388800000000" remote="129714388800000000" Dst="0" />
<file name="banner-3.jpg" server="C:/wamp/www" local="129714388800000000" remote="129714388800000000" Dst="0" />
</dwsync>