<?xml version="1.0" encoding="utf-8" ?>
<dwsync>
<file name="jquery-1.7.1.min.js" server="C:/wamp/www" local="129702268520000000" remote="129702268520000000" Dst="0" />
<file name="cufon-yui.js" server="C:/wamp/www" local="129715339980000000" remote="129715339980000000" Dst="0" />
<file name="cufon-replace.js" server="C:/wamp/www" local="129715341840000000" remote="129715341840000000" Dst="0" />
<file name="Dynalight_400.font.js" server="C:/wamp/www" local="129715339780000000" remote="129715339780000000" Dst="0" />
<file name="FF-cash.js" server="C:/wamp/www" local="129502559520000000" remote="129502559520000000" Dst="0" />
<file name="jquery.equalheights.js" server="C:/wamp/www" local="129493875620000000" remote="129493875620000000" Dst="0" />
<file name="jquery.bxSlider.js" server="C:/wamp/www" local="129590996800000000" remote="129590996800000000" Dst="0" />
<file name="tms-0.3.js" server="C:/wamp/www" local="129658975860000000" remote="129658975860000000" Dst="0" />
<file name="tms_presets.js" server="C:/wamp/www" local="129658975860000000" remote="129658975860000000" Dst="0" />
<file name="jquery.easing.1.3.js" server="C:/wamp/www" local="129658975860000000" remote="129658975860000000" Dst="0" />
</dwsync>